Workbook

Sheet 填写说明
A1: 自研 CRM 导入模板（学生档案 + 剩余课时）
A2: 用途：给客户下载填写后回传。可删示例行，勿改表头。学生编号不要填：导入成功后系统按 FX0001 规则重新生成。去重键：手机 > 微信 > 中文名+英文名。档案与服务用「中文名」关联。
A4: 工作表 | B4: 怎么填
A5: 学生档案 | B5: 一人一行。带 * 的列必填。不要填学生编号。剩余课时合计由「服务与剩余课时」按中文名汇总，本表不必手填。
A6: 服务与剩余课时 | B6: 一个学生可多行（多个服务包）。「学生」必须与档案「中文名」完全一致。剩余课时=总课时−已完成课时，用公式，勿手改。订单可空（未挂）。
A7: 枚举值 | B7: 下拉选项的标准写法，改档案/服务表时请与此表一致，否则导入会落到「待清洗」。
A8: 带 * 表头 | B8: 必填。
A9: 黄色提示 | B9: 签证到期 ≤45 天、剩余课时 ≤10 会在 CRM 里提醒，模板里用样例标出。
A10: 不要填 | B10: 学生编号（系统生成）；CLV / 累计消费（按已付款重算）；课时审核里的授课内容/课堂表现/附件（不是本模板）；附件走 OSS。
A11: 关联规则 | B11: 服务表用中文名匹配档案。重名时再靠英文名、手机去重。老师填老师主数据中文名；合作方填合作人名称。

Sheet 学生档案
A1: 中文名* | B1: 英文名* | C1: 年级* | D1: 学校 | E1: 家长 | F1: 手机* | G1: 微信 | H1: 邮箱 | I1: 负责人* | J1: 状态* | K1: 来源 | L1: 合作方 | M1: 首次成交日期 | N1: Offer到期日 | O1: 签证到期日 | P1: 剩余课时合计 | Q1: 备注
A2: 张小明 | B2: Xiaoming Zhang | C2: G10 | D2: 某公立中学 | E2: 张伟 | F2: 13800001111 | G2: wx_zhangxiaoming | H2: parent.zhang@example.com | I2: 李顾问 | J2: Active | K2: 转介绍 | M2: 45942 | N2: 46447 | O2: 46315 | P2: =SUMIF('服务与剩余课时'!A:A,A2,'服务与剩余课时'!J:J) | Q2: 示例：签证临近，系统应提醒。学生编号导入后生成。
A3: 陈雨 | B3: Yu Chen | C3: G11 | D3: 某私立中学 | E3: 陈芳 | F3: 13900002222 | G3: wx_chenyu | H3: parent.chen@example.com | I3: 王顾问 | J3: Active | K3: 小红书 | L3: 北极星教育 | M3: 45604 | O3: 46553 | P3: =SUMIF('服务与剩余课时'!A:A,A3,'服务与剩余课时'!J:J) | Q3: 示例：合作方带来的学生
P4: =IF(A4="","",SUMIF('服务与剩余课时'!A:A,A4,'服务与剩余课时'!J:J))
P5: =IF(A5="","",SUMIF('服务与剩余课时'!A:A,A5,'服务与剩余课时'!J:J))
P6: =IF(A6="","",SUMIF('服务与剩余课时'!A:A,A6,'服务与剩余课时'!J:J))
P7: =IF(A7="","",SUMIF('服务与剩余课时'!A:A,A7,'服务与剩余课时'!J:J))
P8: =IF(A8="","",SUMIF('服务与剩余课时'!A:A,A8,'服务与剩余课时'!J:J))
P9: =IF(A9="","",SUMIF('服务与剩余课时'!A:A,A9,'服务与剩余课时'!J:J))
P10: =IF(A10="","",SUMIF('服务与剩余课时'!A:A,A10,'服务与剩余课时'!J:J))
P11: =IF(A11="","",SUMIF('服务与剩余课时'!A:A,A11,'服务与剩余课时'!J:J))
P12: =IF(A12="","",SUMIF('服务与剩余课时'!A:A,A12,'服务与剩余课时'!J:J))
P13: =IF(A13="","",SUMIF('服务与剩余课时'!A:A,A13,'服务与剩余课时'!J:J))
P14: =IF(A14="","",SUMIF('服务与剩余课时'!A:A,A14,'服务与剩余课时'!J:J))
P15: =IF(A15="","",SUMIF('服务与剩余课时'!A:A,A15,'服务与剩余课时'!J:J))
... P30: =IF(A30="","",SUMIF('服务与剩余课时'!A:A,A30,'服务与剩余课时'!J:J))

Sheet 服务与剩余课时
A1: 学生* | B1: 服务* | C1: 类型* | D1: 老师 | E1: 顾问* | F1: 开始日期 | G1: 结束日期 | H1: 总课时 | I1: 已完成课时 | J1: 剩余课时 | K1: 订单 | L1: 状态* | M1: 备注
A2: 张小明 | B2: 数学+英语课后辅导包 | C2: After-school | D2: 刘老师 | E2: 李顾问 | F2: 45945 | G2: 46203 | H2: 40 | I2: 28 | J2: =H2-I2 | L2: 进行中 | M2: 剩余>10，暂不提醒
A3: 张小明 | B3: 选课规划（按次） | C3: 大学申请 | E3: 李顾问 | F3: 46235 | G3: 46387 | H3: 8 | I3: 6 | J3: =H3-I3 | L3: 进行中 | M3: 剩余≤10，系统应提醒
A4: 陈雨 | B4: Grade 11 学分课服务包 | C4: 学分课 | D4: 周老师 | E4: 王顾问 | F4: 45606 | G4: 46203 | H4: 60 | I4: 54 | J4: =H4-I4 | L4: 进行中 | M4: 剩余≤10，系统应提醒
J5: =IF(H5="","",H5-I5)
J6: =IF(H6="","",H6-I6)
J7: =IF(H7="","",H7-I7)
J8: =IF(H8="","",H8-I8)
J9: =IF(H9="","",H9-I9)
J10: =IF(H10="","",H10-I10)
J11: =IF(H11="","",H11-I11)
J12: =IF(H12="","",H12-I12)
J13: =IF(H13="","",H13-I13)
J14: =IF(H14="","",H14-I14)
J15: =IF(H15="","",H15-I15)
J16: =IF(H16="","",H16-I16)
... J40: =IF(H40="","",H40-I40)

Sheet 枚举值
A1: 状态（学生） | B1: 来源 | C1: 年级 | D1: 类型 | E1: 状态（服务）
A2: Active | B2: 转介绍 | C2: G8 | D2: 监护 | E2: 进行中
A3: 暂停 | B3: 小红书 | C3: G9 | D3: 转学 | E3: 已完成
A4: Alumni | B4: 合作方 | C4: G10 | D4: After-school | E4: 暂停
A5: Lost | B5: 自然到访 | C5: G11 | D5: 学分课
B6: 老生二销 | C6: G12 | D6: 大学申请
B7: 其他 | C7: 大学 | D7: 活动
C8: 其他 | D8: 夏令营
D9: 私校申请
D10: 签证
D11: 其他
